{"name":"luis","phone":"67890","email":"luis@pepe.com","_id":"HWEpRwMTDTPfGr7L"}
{"name":"xxx","phone":"xxx","email":"xxx","_id":"OHkqTr5vS1qh4gRk"}
{"name":"pepe","phone":"12345","email":"pepe@pepe.com","_id":"R5rJLHZRIzw31Fq5"}
{"name":"xxxr","phone":"xxx","email":"xxx","_id":"U36LkPOQNPmfpAzl"}
{"name":"xxxrsdf","phone":"xxx","email":"xxx","_id":"oxs6ckXHVI9c8WQL"}
{"name":"pepe","phone":"12345","email":"pepe@pepe.com","_id":"bGchtnTeC7gyNpaP"}
{"name":"luis","phone":"67890","email":"luis@pepe.com","_id":"H1NFAoqaFdyWGgsu"}
